{
  "controller/recordresults/Detail1-dbg.controller.js": 1648129531624,
  "i18n/i18n_sv.properties": 1648120740586,
  "i18n/i18n_pt.properties": 1648120740562,
  "i18n/i18n_pl.properties": 1648120740526,
  "i18n/i18n_tr.properties": 1648120740618,
  "i18n/i18n_en.properties": 1648120740466,
  "i18n/i18n_de.properties": 1648120740438,
  "i18n/i18n.properties": 1648461857929,
  "controller/recordresults/Detail-Init.controller.js": 1648120738170,
  "model/Changelog/Changelog.json": 1648120743038,
  "localService/mockdata/TileMenuSet.json": 1648120742866,
  "localService/mockdata/SerialnummerSet.json": 1648120742842,
  "localService/mockdata/PruefloseSet.json": 1648120742750,
  "localService/mockdata/PrueflosVorgaengeSet.json": 1648120742778,
  "localService/mockdata/PruefMerkmaleSet.json": 1648120742814,
  "localService/mockdata/PruefErgebnisseSet.json": 1648120742710,
  "localService/mockdata/PruefErgBewertungSet.json": 1648120742674,
  "localService/mockdata/ORGTileMenu.json": 1648120742594,
  "localService/mockdata/MaterialSet.json": 1648120742554,
  "manifest.json": 1648464765531,
  "controller/recordresults/SAVE/SplitQualQuan_Detail2.controller.js": 1648129531880,
  "controller/recordresults/OLD/DetailSXL.controller.js": 1648120738654,
  "controller/utils/Inact_Validator.js": 1648120739934,
  "controller/utils/Formatter.js": 1648120739902,
  "controller/serial/Serial.controller.js": 1648120739750,
  "controller/recordresults_list/Listentry.controller.js": 1648120739654,
  "controller/recordresults_list/DetailSXN_list.controller.js": 1648120739626,
  "controller/recordresults_list/DetailSXL_list.controller.js": 1648120739598,
  "controller/recordresults_list/DetailS1N_list.controller.js": 1648120739574,
  "controller/recordresults_list/DetailS1L_list.controller.js": 1648120739550,
  "controller/recordresults_list/DetailNNN_list.controller.js": 1648120739526,
  "controller/recordresults_list/DetailNNL_list.controller.js": 1648120739494,
  "controller/recordresults_list/DetailCreatePP_list.controller.js": 1648129531620,
  "controller/recordresults_list/DetailCHN_list.controller.js": 1648120739434,
  "controller/recordresults_list/DetailCHL_list.controller.js": 1648120739390,
  "controller/recordresults_list/Detail2_list.controller.js": 1648129531616,
  "controller/recordresults_list/Detail1_list.controller.js": 1648129531612,
  "controller/recordresults/Masterdetail.controller.js": 1648120738546,
  "controller/recordresults/Master.controller.js": 1648120738494,
  "controller/recordresults/DetailSXN.controller.js": 1648120738470,
  "controller/recordresults/DetailSXL.controller.js": 1648120738442,
  "controller/recordresults/DetailS1N.controller.js": 1648120738418,
  "controller/recordresults/DetailS1L.controller.js": 1648120738382,
  "controller/recordresults/DetailNNN.controller.js": 1648120738358,
  "controller/recordresults/DetailNNL.controller.js": 1648120738334,
  "controller/recordresults/DetailCreatePP.controller.js": 1648129531860,
  "controller/recordresults/DetailCHN.controller.js": 1648120738278,
  "controller/recordresults/DetailCHL.controller.js": 1648120738254,
  "controller/recordresults/Detail2.controller.js": 1648129531648,
  "controller/recordresults/Detail1.controller.js": 1648129531624,
  "model/TileMenu/TileMenu.json": 1648120743078,
  "controller/insplot/Insplot.controller.js": 1648120737342,
  "controller/barcode/Barcode.controller.js": 1648120736938,
  "Backup/VG_Filter_Icontabbar/Detail1_list.controller.js": 1648129531112,
  "Backup/VG_Filter_Icontabbar/Detail1.controller.js": 1648129531116,
  "utils/locate-reuse-libs.js": 1648120875751,
  "test/changes_preview.js": 1648120875767,
  "test/changes_loader.js": 1648120875767,
  "localService/mockserver.js": 1648120742890,
  "controller/textdialog.js": 1648120739794,
  "controller/settingsdialog.js": 1648120739770,
  "controller/qualcodesdialog.js": 1648120737438,
  "controller/ppdialog.js": 1648129528332,
  "controller/no_launchpad.controller.js": 1648120737382,
  "controller/infodialog.js": 1648120737246,
  "controller/imagedialog.js": 1648120737218,
  "controller/home_tilemenu.controller.js": 1648129531552,
  "controller/home.controller.js": 1648120737174,
  "controller/fotodialog.js": 1648129528332,
  "controller/fhmdialog.js": 1648120737062,
  "controller/dokudialog.js": 1648129531360,
  "controller/app.controller.js": 1648474415515,
  "controller/FotoHandling_C.controller.js": 1648129528224,
  "controller/FotoFunctions.js": 1648131546373,
  "controller/DetailFotos_L.controller.js": 1648120736990,
  "controller/DetailFotos_C.controller.js": 1648120736962,
  "Component.js": 1648474430787,
  "manifest-bundle.zip": 1648474714326,
  "Component-preload.js": 1648474718017,
  "controller/recordresults_list/Listentry-dbg.controller.js": 1648120739654,
  "controller/recordresults/OLD/DetailSXL-dbg.controller.js": 1648120738654,
  "controller/utils/Inact_Validator-dbg.js": 1648120739934,
  "controller/utils/Formatter-dbg.js": 1648120739902,
  "controller/serial/Serial-dbg.controller.js": 1648120739750,
  "controller/recordresults/SAVE/SplitQualQuan_Detail2-dbg.controller.js": 1648129531880,
  "controller/recordresults_list/DetailSXN_list-dbg.controller.js": 1648120739626,
  "controller/recordresults_list/DetailSXL_list-dbg.controller.js": 1648120739598,
  "controller/recordresults_list/DetailS1N_list-dbg.controller.js": 1648120739574,
  "controller/recordresults_list/DetailS1L_list-dbg.controller.js": 1648120739550,
  "controller/recordresults_list/DetailNNN_list-dbg.controller.js": 1648120739526,
  "controller/recordresults_list/DetailNNL_list-dbg.controller.js": 1648120739494,
  "controller/recordresults_list/DetailCreatePP_list-dbg.controller.js": 1648129531620,
  "controller/recordresults_list/DetailCHN_list-dbg.controller.js": 1648120739434,
  "controller/recordresults_list/DetailCHL_list-dbg.controller.js": 1648120739390,
  "controller/recordresults_list/Detail2_list-dbg.controller.js": 1648129531616,
  "controller/recordresults_list/Detail1_list-dbg.controller.js": 1648129531612,
  "controller/recordresults/Masterdetail-dbg.controller.js": 1648120738546,
  "controller/recordresults/Master-dbg.controller.js": 1648120738494,
  "controller/recordresults/DetailSXN-dbg.controller.js": 1648120738470,
  "controller/recordresults/DetailSXL-dbg.controller.js": 1648120738442,
  "controller/recordresults/DetailS1N-dbg.controller.js": 1648120738418,
  "controller/recordresults/DetailS1L-dbg.controller.js": 1648120738382,
  "controller/recordresults/DetailNNN-dbg.controller.js": 1648120738358,
  "controller/recordresults/DetailNNL-dbg.controller.js": 1648120738334,
  "controller/recordresults/DetailCreatePP-dbg.controller.js": 1648129531860,
  "controller/recordresults/DetailCHN-dbg.controller.js": 1648120738278,
  "controller/recordresults/DetailCHL-dbg.controller.js": 1648120738254,
  "controller/recordresults/Detail2-dbg.controller.js": 1648129531648,
  "i18n/i18n_fr.properties": 1648120740498,
  "controller/recordresults/Detail-Init-dbg.controller.js": 1648120738170,
  "controller/insplot/Insplot-dbg.controller.js": 1648120737342,
  "controller/barcode/Barcode-dbg.controller.js": 1648120736938,
  "Backup/VG_Filter_Icontabbar/Detail1_list-dbg.controller.js": 1648129531112,
  "Backup/VG_Filter_Icontabbar/Detail1-dbg.controller.js": 1648129531116,
  "controller/textdialog-dbg.js": 1648120739794,
  "controller/settingsdialog-dbg.js": 1648120739770,
  "controller/qualcodesdialog-dbg.js": 1648120737438,
  "controller/ppdialog-dbg.js": 1648129528332,
  "controller/no_launchpad-dbg.controller.js": 1648120737382,
  "controller/infodialog-dbg.js": 1648120737246,
  "controller/imagedialog-dbg.js": 1648120737218,
  "controller/home_tilemenu-dbg.controller.js": 1648129531552,
  "controller/home-dbg.controller.js": 1648120737174,
  "controller/fotodialog-dbg.js": 1648129528332,
  "controller/fhmdialog-dbg.js": 1648120737062,
  "controller/dokudialog-dbg.js": 1648129531360,
  "controller/app-dbg.controller.js": 1648474415515,
  "controller/FotoHandling_C-dbg.controller.js": 1648129528224,
  "controller/FotoFunctions-dbg.js": 1648131546373,
  "controller/DetailFotos_L-dbg.controller.js": 1648120736990,
  "controller/DetailFotos_C-dbg.controller.js": 1648120736962,
  "utils/locate-reuse-libs-dbg.js": 1648120875751,
  "test/changes_preview-dbg.js": 1648120875767,
  "test/changes_loader-dbg.js": 1648120875767,
  "localService/mockserver-dbg.js": 1648120742890,
  "Component-dbg.js": 1648474430787,
  "view/recordresults/SAVE/.vfs/props/SplitQualQuan_Detail2.view.xml_props": 1648120746398,
  "view/recordresults/OLD/.vfs/props/OLDDetailSXL.view.xml_props": 1648120746178,
  "view/recordresults/OLD/.vfs/props/Detail-Init.view.xml_props": 1648120746146,
  "view/recordresults/OLD/.vfs/props/CopyOfDetail2.view.xml_props": 1648120746054,
  "view/recordresults/OLD/.vfs/props/1st_DetailS1N.view.xml_props": 1648120746014,
  "controller/recordresults/SAVE/.vfs/props/SplitQualQuan_Detail2.controller.js_props": 1648120738686,
  "controller/recordresults/OLD/.vfs/props/DetailSXL.controller.js_props": 1648120738622,
  "view/recordresults_list/.vfs/props/filterdialog.fragment.xml_props": 1648120747158,
  "view/recordresults_list/.vfs/props/Listentry.view.xml_props": 1648120747238,
  "view/recordresults_list/.vfs/props/DetailSXN_list.view.xml_props": 1648120747126,
  "view/recordresults_list/.vfs/props/DetailSXL_list.view.xml_props": 1648120747070,
  "view/recordresults_list/.vfs/props/DetailS1N_list.view.xml_props": 1648120746970,
  "view/recordresults_list/.vfs/props/DetailS1L_list.view.xml_props": 1648120746930,
  "view/recordresults_list/.vfs/props/DetailNNN_list.view.xml_props": 1648120746874,
  "view/recordresults_list/.vfs/props/DetailNNL_list.view.xml_props": 1648120746790,
  "view/recordresults_list/.vfs/props/DetailCreatePP_list.view.xml_props": 1648120746750,
  "view/recordresults_list/.vfs/props/DetailCHN_list.view.xml_props": 1648120746690,
  "view/recordresults_list/.vfs/props/DetailCHL_list.view.xml_props": 1648120746602,
  "view/recordresults_list/.vfs/props/Detail2_list.view.xml_props": 1648120746554,
  "view/recordresults_list/.vfs/props/Detail1_list.view.xml_props": 1648120746510,
  "view/serial/.vfs/props/Serial.view.xml_props": 1648120748458,
  "view/serial/.vfs/props/CopyOfSerial.view.xml_props": 1648120748414,
  "view/recordresults/.vfs/props/MessagePopover.fragment.xml_props": 1648120745434,
  "view/recordresults/.vfs/props/Masterdetail.view.xml_props": 1648120745382,
  "view/recordresults/.vfs/props/Master.view.xml_props": 1648120745338,
  "view/recordresults/.vfs/props/DetailSXN.view.xml_props": 1648120745254,
  "view/recordresults/.vfs/props/DetailSXL.view.xml_props": 1648120745210,
  "view/recordresults/.vfs/props/DetailS1N.view.xml_props": 1648120745166,
  "view/recordresults/.vfs/props/DetailS1L.view.xml_props": 1648120745086,
  "view/recordresults/.vfs/props/DetailNNN.view.xml_props": 1648120745054,
  "view/recordresults/.vfs/props/DetailNNL.view.xml_props": 1648120745014,
  "view/recordresults/.vfs/props/DetailCreatePP.view.xml_props": 1648120744926,
  "view/recordresults/.vfs/props/DetailCHN.view.xml_props": 1648120744870,
  "view/recordresults/.vfs/props/DetailCHL.view.xml_props": 1648120744826,
  "view/recordresults/.vfs/props/Detail2.view.xml_props": 1648120744738,
  "view/recordresults/.vfs/props/Detail1.view.xml_props": 1648120744690,
  "view/recordresults/.vfs/props/Detail-Init.view.xml_props": 1648120744646,
  "view/insplot/.vfs/props/Insplot.view.xml_props": 1648120744330,
  "view/barcode/.vfs/props/Barcode.view.xml_props": 1648120743834,
  "localService/mockdata/.vfs/props/TileMenuSet.json_props": 1648120742530,
  "localService/mockdata/.vfs/props/SerialnummerSet.json_props": 1648120742446,
  "localService/mockdata/.vfs/props/PruefloseSet.json_props": 1648120742298,
  "localService/mockdata/.vfs/props/PrueflosVorgaengeSet.json_props": 1648120742374,
  "localService/mockdata/.vfs/props/PruefMerkmaleSet.json_props": 1648120742410,
  "localService/mockdata/.vfs/props/PruefErgebnisseSet.json_props": 1648120742262,
  "localService/mockdata/.vfs/props/PruefErgBewertungSet.json_props": 1648120742226,
  "localService/mockdata/.vfs/props/MaterialSet.json_props": 1648120742146,
  "model/Changelog/.vfs/props/Changelog.json_props": 1648120743006,
  "controller/utils/.vfs/props/Formatter.js_props": 1648120739866,
  "controller/serial/.vfs/props/Serial.controller.js_props": 1648120739726,
  "controller/recordresults_list/.vfs/props/Listentry.controller.js_props": 1648120739278,
  "controller/recordresults_list/.vfs/props/DetailSXN_list.controller.js_props": 1648120739242,
  "controller/recordresults_list/.vfs/props/DetailSXL_list.controller.js_props": 1648120739214,
  "controller/recordresults_list/.vfs/props/DetailS1N_list.controller.js_props": 1648120739138,
  "controller/recordresults_list/.vfs/props/DetailS1L_list.controller.js_props": 1648120739106,
  "controller/recordresults_list/.vfs/props/DetailNNN_list.controller.js_props": 1648120739074,
  "controller/recordresults_list/.vfs/props/DetailNNL_list.controller.js_props": 1648120738998,
  "controller/recordresults_list/.vfs/props/DetailCreatePP_list.controller.js_props": 1648120738954,
  "controller/recordresults_list/.vfs/props/DetailCHN_list.controller.js_props": 1648120738922,
  "controller/recordresults_list/.vfs/props/DetailCHL_list.controller.js_props": 1648120738846,
  "controller/recordresults_list/.vfs/props/Detail2_list.controller.js_props": 1648120738814,
  "controller/recordresults_list/.vfs/props/Detail1_list.controller.js_props": 1648120738782,
  "controller/recordresults/.vfs/props/Masterdetail.controller.js_props": 1648120738150,
  "controller/recordresults/.vfs/props/Master.controller.js_props": 1648120738118,
  "controller/recordresults/.vfs/props/DetailSXN.controller.js_props": 1648120738038,
  "controller/recordresults/.vfs/props/DetailSXL.controller.js_props": 1648120738006,
  "controller/recordresults/.vfs/props/DetailS1N.controller.js_props": 1648120737974,
  "controller/recordresults/.vfs/props/DetailS1L.controller.js_props": 1648120737898,
  "controller/recordresults/.vfs/props/DetailNNN.controller.js_props": 1648120737862,
  "controller/recordresults/.vfs/props/DetailNNL.controller.js_props": 1648120737826,
  "controller/recordresults/.vfs/props/DetailCreatePP.controller.js_props": 1648120737746,
  "controller/recordresults/.vfs/props/DetailCHN.controller.js_props": 1648120737710,
  "controller/recordresults/.vfs/props/DetailCHL.controller.js_props": 1648120737678,
  "controller/recordresults/.vfs/props/Detail2.controller.js_props": 1648120737598,
  "controller/recordresults/.vfs/props/Detail1.controller.js_props": 1648120737554,
  "controller/recordresults/.vfs/props/Detail-Init.controller.js_props": 1648120737514,
  "controller/insplot/.vfs/props/Insplot.controller.js_props": 1648120737318,
  "controller/barcode/.vfs/props/Barcode.controller.js_props": 1648120736910,
  "Backup/VG_Filter_Icontabbar/.vfs/props/Detail1_list.controller.js_props": 1648120736082,
  "Backup/VG_Filter_Icontabbar/.vfs/props/Detail1.controller.js_props": 1648120736050,
  "view/recordresults/SAVE/SplitQualQuan_Detail2.view.xml": 1648120746434,
  "view/recordresults/OLD/OLDDetailSXL.view.xml": 1648120746354,
  "view/recordresults/OLD/Detail-Init.view.xml": 1648120746318,
  "view/recordresults/OLD/CopyOfDetail2.view.xml": 1648120746238,
  "view/recordresults/OLD/1st_DetailS1N.view.xml": 1648120746214,
  "view/.vfs/props/textdialog.fragment.xml_props": 1648120743726,
  "view/.vfs/props/ppdialog.fragment.xml_props": 1648120743618,
  "view/.vfs/props/no_launchpad.view.xml_props": 1648120743574,
  "view/.vfs/props/infodialog.fragment.xml_props": 1648120743534,
  "view/.vfs/props/home_tilemenu.view.xml_props": 1648120743446,
  "view/.vfs/props/home.view.xml_props": 1648120743402,
  "view/.vfs/props/fotodialog.fragment.xml_props": 1648120743358,
  "view/.vfs/props/app.view.xml_props": 1648120743186,
  "view/.vfs/props/DetailFotos_L.view.xml_props": 1648120743270,
  "view/.vfs/props/DetailFotos_C.view.xml_props": 1648120743230,
  "localService/.vfs/props/metadata.xml_props": 1648120742046,
  "css/.vfs/props/style.css_props": 1648120740010,
  "image/.vfs/props/neu.png_props": 1648120740862,
  "image/.vfs/props/locked.png_props": 1648120740826,
  "image/.vfs/props/inArbeit.png_props": 1648120740754,
  "image/.vfs/props/fertig.png_props": 1648120740718,
  "image/.vfs/props/enercon_de.png_props": 1648120740690,
  "i18n/.vfs/props/i18n_en.properties_props": 1648120740378,
  "i18n/.vfs/props/i18n_de.properties_props": 1648120740342,
  "i18n/.vfs/props/i18n.properties_props": 1648120740310,
  "controller/.vfs/props/textdialog.js_props": 1648120736782,
  "controller/.vfs/props/ppdialog.js_props": 1648120736746,
  "controller/.vfs/props/no_launchpad.controller.js_props": 1648120736706,
  "controller/.vfs/props/infodialog.js_props": 1648120736622,
  "controller/.vfs/props/home_tilemenu.controller.js_props": 1648120736582,
  "controller/.vfs/props/home.controller.js_props": 1648120736538,
  "controller/.vfs/props/fotodialog.js_props": 1648120736454,
  "controller/.vfs/props/DetailFotos_L.controller.js_props": 1648120736406,
  "controller/.vfs/props/DetailFotos_C.controller.js_props": 1648120736362,
  "view/serial/Serial.view.xml": 1648120748518,
  "view/serial/CopyOfSerial.view.xml": 1648120748486,
  "view/reuse/VG_Detail1PP.fragment.xml": 1648120748294,
  "view/reuse/VG_Detail1.fragment.xml": 1648120748270,
  "view/reuse/MK_NavButtons.fragment.xml": 1648120748246,
  "view/reuse/MK_Header.fragment.xml": 1648120748210,
  "view/reuse/MK_DetailXXL_Klass.fragment.xml": 1648120748170,
  "view/reuse/MK_DetailSXN.fragment.xml": 1648120748126,
  "view/reuse/MK_DetailSXL.fragment.xml": 1648120748082,
  "view/reuse/MK_DetailS1N.fragment.xml": 1648120748046,
  "view/reuse/MK_DetailS1L.fragment.xml": 1648120748014,
  "view/reuse/MK_DetailNNN.fragment.xml": 1648120747970,
  "view/reuse/MK_DetailNNL.fragment.xml": 1648120747926,
  "view/reuse/MK_DetailCHN.fragment.xml": 1648120747882,
  "view/reuse/MK_DetailCHL.fragment.xml": 1648120747850,
  "view/reuse/MK_Detail2.fragment.xml": 1648120747814,
  "view/reuse/FotoHandling_L.fragment.xml": 1648120747782,
  "view/reuse/FotoHandling_C.fragment.xml": 1648120747738,
  "view/reuse/CopyOfMK_Header.fragment.xml": 1648120747706,
  "view/recordresults_list/filterdialog.fragment.xml": 1648120747634,
  "view/recordresults_list/Listentry.view.xml": 1648120747670,
  "view/recordresults_list/DetailSXN_list.view.xml": 1648120747550,
  "view/recordresults_list/DetailSXL_list.view.xml": 1648120747522,
  "view/recordresults_list/DetailS1N_list.view.xml": 1648120747498,
  "view/recordresults_list/DetailS1L_list.view.xml": 1648120747478,
  "view/recordresults_list/DetailNNN_list.view.xml": 1648120747454,
  "view/recordresults_list/DetailNNL_list.view.xml": 1648120747426,
  "view/recordresults_list/DetailCreatePP_list.view.xml": 1648120747394,
  "view/recordresults_list/DetailCHN_list.view.xml": 1648120747362,
  "view/recordresults_list/DetailCHL_list.view.xml": 1648120747334,
  "view/recordresults_list/Detail2_list.view.xml": 1648120747310,
  "view/recordresults_list/Detail1_list.view.xml": 1648120747270,
  "view/recordresults/MessagePopover.fragment.xml": 1648120745986,
  "view/recordresults/Masterdetail.view.xml": 1648120745878,
  "view/recordresults/Master.view.xml": 1648120745838,
  "view/recordresults/DetailSXN.view.xml": 1648120745798,
  "view/recordresults/DetailSXL.view.xml": 1648120745770,
  "view/recordresults/DetailS1N.view.xml": 1648120745742,
  "view/recordresults/DetailS1L.view.xml": 1648120745706,
  "view/recordresults/DetailNNN.view.xml": 1648120745678,
  "view/recordresults/DetailNNL.view.xml": 1648120745646,
  "view/recordresults/DetailCreatePP.view.xml": 1648120745618,
  "view/recordresults/DetailCHN.view.xml": 1648120745586,
  "view/recordresults/DetailCHL.view.xml": 1648120745554,
  "view/recordresults/Detail2.view.xml": 1648120745530,
  "view/recordresults/Detail1.view.xml": 1648120745498,
  "view/recordresults/Detail-Init.view.xml": 1648120745466,
  "view/insplot/Insplot.view.xml": 1648120744406,
  "view/insplot/CopyOfInsplot.view.xml": 1648120744362,
  "view/barcode/Barcode.view.xml": 1648120743870,
  "css/fonts/icomoon.woff": 1648120740174,
  "css/fonts/icomoon.ttf": 1648120740150,
  "css/fonts/icomoon.svg": 1648120740126,
  "css/fonts/icomoon.eot": 1648120740102,
  "css/fonts/SAP-icons-TNT.ttf": 1648120740218,
  "css/fonts/BusinessSuiteInAppSymbols.ttf": 1648120740078,
  "Backup/VG_Filter_Icontabbar/VG_Detail1.fragment.xml": 1648120736222,
  ".vfs/props/manifest.json_props": 1648120735954,
  ".vfs/props/index.html_props": 1648120735898,
  ".vfs/props/Component.js_props": 1648120735866,
  "view/textdialog.fragment.xml": 1648120748578,
  "view/settingsdialog.fragment.xml": 1648120748550,
  "view/searchinfo.fragment.xml": 1648120748326,
  "view/qualcodesdialog.fragment.xml": 1648120744562,
  "view/ppdialog.fragment.xml": 1648120744530,
  "view/no_launchpad.view.xml": 1648120744494,
  "view/infodialog.fragment.xml": 1648120744242,
  "view/imagedialog.fragment.xml": 1648120744210,
  "view/home_tilemenu.view.xml": 1648120744170,
  "view/home.view.xml": 1648120744146,
  "view/fotodialog.fragment.xml": 1648120744122,
  "view/fhmdialog_v.fragment.xml": 1648120744086,
  "view/fhmdialog_m.fragment.xml": 1648120744058,
  "view/dokudialog.fragment.xml": 1648120744026,
  "view/app.view.xml": 1648120743778,
  "view/DetailFotos_L.view.xml": 1648120743946,
  "view/DetailFotos_C.view.xml": 1648120743906,
  "localService/metadata.xml": 1648129531908,
  "test/flpSandboxMockServer.html": 1648120875767,
  "test/flpSandbox.html": 1648120875755,
  "css/style.css": 1648229937866,
  "image/neu.png": 1648120741946,
  "image/locked.png": 1648120741926,
  "image/inArbeit.png": 1648120741898,
  "image/fertig.png": 1648120741862,
  "image/favicon.ico": 1648120741826,
  "image/enercon_de.png": 1648120741774,
  "image/en_logo.png": 1648120741798,
  "image/background9.jpg": 1648120741742,
  "image/background8.jpg": 1648120741626,
  "image/background7.jpg": 1648120741590,
  "image/background6.jpg": 1648120741574,
  "image/background5.jpg": 1648120741446,
  "image/background4.jpg": 1648120741350,
  "image/background3.jpg": 1648120741314,
  "image/background2.jpg": 1648120741282,
  "image/background13.jpg": 1648120741258,
  "image/background12.jpg": 1648120741202,
  "image/background11.jpg": 1648120741142,
  "image/background10.jpg": 1648120740990,
  "image/background1.jpg": 1648120740926,
  "test.html": 1648120743106,
  "index.html": 1648473411113
}