[{
	"Method": "Method 1",
	"Prueflos": "Prueflos 1",
	"MethodTxt": "MethodTxt 1",
	"Prueflos_Key_Modus": "S1",
	"Prueflos_Key_Object": "Prueflos_Key_Object 1",
	"Vmethod": "Vmethod 1",
	"Pmethod": "Pmethod 1",
	"Vornr": "Vornr 1",
	"Merknr": "Merknr 1",
	"Status": "Status 1",
	"CharDescr": "CharDescr 1",
	"CharType": "CharType 1",
	"ConfirmNo": "ConfirmNo 1",
	"Obligatory": "Obligatory 1",
	"SingleRes": "SingleRes 1",
	"SampleRes": "SampleRes 1",
	"CharRes": "CharRes 1",
	"Samples": "Samples 1",
	"SamplesNo": "SamplesNo 1",
	"Scope": "Scope 1",
	"ScopeInd": "ScopeInd 1",
	"DocuRequ": "DocuRequ 1",
	"Serialrequ": "Serialrequ 1",
	"InspPoint": "InspPoint 1",
	"Grid": "Grid 1",
	"MstrChar": "MstrChar 1",
	"VmstrChar": "VmstrChar 1",
	"PmstrChar": "PmstrChar 1",
	"SmplQuant": "SmplQuant 1",
	"SmplUnit": "SmplUnit 1",
	"SmplUnitt": "SmplUnitt 1",
	"SmplUnitc": "SmplUnitc 1",
	"PhysSmpl": "PhysSmpl 1",
	"ChWgtCod": "ChWgtCod 1",
	"ChWgtFac": "ChWgtFac 1",
	"ChWgtTxt": "ChWgtTxt 1",
	"Infofield1": "Infofield1 1",
	"Infofield2": "Infofield2 1",
	"Infofield3": "Infofield3 1",
	"DecPlaces": "DecPlaces 1",
	"MeasUnit": "MeasUnit 1",
	"MeasUnitt": "MeasUnitt 1",
	"MeasUnitc": "MeasUnitc 1",
	"Results_Gesamt": "Results_Gesamt 1",
	"TargetVal": "TargetVal 1",
	"Results_Entered": "Results_Entered 1",
	"UpTolLmt": "UpTolLmt 1",
	"LwTolLmt": "LwTolLmt 1",
	"UpLmt1": "UpLmt1 1",
	"LwLmt1": "LwLmt1 1",
	"UpLmt2": "UpLmt2 1",
	"LwLmt2": "LwLmt2 1",
	"UpPlsLmt": "UpPlsLmt 1",
	"LwPlsLmt": "LwPlsLmt 1",
	"UpCtrl1": "UpCtrl1 1",
	"LwCtrl1": "LwCtrl1 1",
	"UpCtrl2": "UpCtrl2 1",
	"LwCtrl2": "LwCtrl2 1",
	"CcNo": "CcNo 1",
	"CcType": "CcType 1",
	"CcTypeT": "CcTypeT 1",
	"SelSet1": "SelSet1 1",
	"PselSet1": "PselSet1 1",
	"CatType1": "CatType1 1",
	"SelSet2": "SelSet2 1",
	"PselSet2": "PselSet2 1",
	"CatType2": "CatType2 1",
	"SelSet3": "SelSet3 1",
	"PselSet3": "PselSet3 1",
	"CatType3": "CatType3 1",
	"SelSet4": "SelSet4 1",
	"PselSet4": "PselSet4 1",
	"CatType4": "CatType4 1",
	"SelSet5": "SelSet5 1",
	"PselSet5": "PselSet5 1",
	"CatType5": "CatType5 1",
	"ValnType": "ValnType 1",
	"ART_MERKMAL": "L",
	"StandMK": "StandMK 1",
	"SOLLSTPUMF": "SOLLSTPUMF 1",
	"ANZWERTG": "ANZWERTG 1",
	"__metadata": {
		"uri": "PruefMerkmaleSet(Prueflos='Prueflos%201',Prueflos_Key_Modus='Prueflos_Key_Modus%201',Prueflos_Key_Object='Prueflos_Key_Object%201',Vornr='Vornr%201',Merknr='Merknr%201')",
		"type": "/WIND/QM_RESULTS_SRV.PruefMerkmale"
	},
	"TOVORG": {
		"__deferred": {
			"uri": "PruefMerkmaleSet(Prueflos='Prueflos%201',Prueflos_Key_Modus='Prueflos_Key_Modus%201',Prueflos_Key_Object='Prueflos_Key_Object%201',Vornr='Vornr%201',Merknr='Merknr%201')/TOVORG"
		}
	}
}, {
	"Method": "Method 1",
	"Prueflos": "Prueflos 1",
	"MethodTxt": "MethodTxt 1",
	"Prueflos_Key_Modus": "S1",
	"Prueflos_Key_Object": "Prueflos_Key_Object 1",
	"Vmethod": "Vmethod 1",
	"Pmethod": "Pmethod 1",
	"Vornr": "Vornr 1",
	"Merknr": "Merknr 1",
	"Status": "Status 1",
	"CharDescr": "CharDescr 1",
	"CharType": "CharType 1",
	"ConfirmNo": "ConfirmNo 1",
	"Obligatory": "Obligatory 1",
	"SingleRes": "SingleRes 1",
	"SampleRes": "SampleRes 1",
	"CharRes": "CharRes 1",
	"Samples": "Samples 1",
	"SamplesNo": "SamplesNo 1",
	"Scope": "Scope 1",
	"ScopeInd": "ScopeInd 1",
	"DocuRequ": "DocuRequ 1",
	"Serialrequ": "Serialrequ 1",
	"InspPoint": "InspPoint 1",
	"Grid": "Grid 1",
	"MstrChar": "MstrChar 1",
	"VmstrChar": "VmstrChar 1",
	"PmstrChar": "PmstrChar 1",
	"SmplQuant": "SmplQuant 1",
	"SmplUnit": "SmplUnit 1",
	"SmplUnitt": "SmplUnitt 1",
	"SmplUnitc": "SmplUnitc 1",
	"PhysSmpl": "PhysSmpl 1",
	"ChWgtCod": "ChWgtCod 1",
	"ChWgtFac": "ChWgtFac 1",
	"ChWgtTxt": "ChWgtTxt 1",
	"Infofield1": "Infofield1 1",
	"Infofield2": "Infofield2 1",
	"Infofield3": "Infofield3 1",
	"DecPlaces": "DecPlaces 1",
	"MeasUnit": "MeasUnit 1",
	"MeasUnitt": "MeasUnitt 1",
	"MeasUnitc": "MeasUnitc 1",
	"TargetVal": "TargetVal 1",
	"UpTolLmt": "UpTolLmt 1",
	"LwTolLmt": "LwTolLmt 1",
	"UpLmt1": "UpLmt1 1",
	"LwLmt1": "LwLmt1 1",
	"UpLmt2": "UpLmt2 1",
	"LwLmt2": "LwLmt2 1",
	"UpPlsLmt": "UpPlsLmt 1",
	"LwPlsLmt": "LwPlsLmt 1",
	"UpCtrl1": "UpCtrl1 1",
	"LwCtrl1": "LwCtrl1 1",
	"UpCtrl2": "UpCtrl2 1",
	"LwCtrl2": "LwCtrl2 1",
	"CcNo": "CcNo 1",
	"CcType": "CcType 1",
	"CcTypeT": "CcTypeT 1",
	"SelSet1": "SelSet1 1",
	"PselSet1": "PselSet1 1",
	"CatType1": "CatType1 1",
	"SelSet2": "SelSet2 1",
	"PselSet2": "PselSet2 1",
	"CatType2": "CatType2 1",
	"SelSet3": "SelSet3 1",
	"PselSet3": "PselSet3 1",
	"CatType3": "CatType3 1",
	"SelSet4": "SelSet4 1",
	"PselSet4": "PselSet4 1",
	"CatType4": "CatType4 1",
	"SelSet5": "SelSet5 1",
	"PselSet5": "PselSet5 1",
	"CatType5": "CatType5 1",
	"ValnType": "ValnType 1",
	"ART_MERKMAL": "N",
	"StandMK": "StandMK 1",
	"SOLLSTPUMF": "SOLLSTPUMF 1",
	"ANZWERTG": "ANZWERTG 1",
	"VORGABEN": "VORGABEN 1",
	"__metadata": {
		"uri": "PruefMerkmaleSet(Prueflos='Prueflos%201',Prueflos_Key_Modus='Prueflos_Key_Modus%201',Prueflos_Key_Object='Prueflos_Key_Object%201',Vornr='Vornr%201',Merknr='Merknr%201')",
		"type": "/WIND/QM_RESULTS_SRV.PruefMerkmale"
	},
	"TOVORG": {
		"__deferred": {
			"uri": "PruefMerkmaleSet(Prueflos='Prueflos%201',Prueflos_Key_Modus='Prueflos_Key_Modus%201',Prueflos_Key_Object='Prueflos_Key_Object%201',Vornr='Vornr%201',Merknr='Merknr%201')/TOVORG"
		}
	},
	"TORESU": {
		"__deferred": {
			"uri": "PruefMerkmaleSet(Prueflos='Prueflos%201',Prueflos_Key_Modus='Prueflos_Key_Modus%201',Prueflos_Key_Object='Prueflos_Key_Object%201',Vornr='Vornr%201',Merknr='Merknr%201')/TORESU"
		}
	},
	"TOPLM": {
		"__deferred": {
			"uri": "PruefMerkmaleSet(Prueflos='Prueflos%201',Prueflos_Key_Modus='Prueflos_Key_Modus%201',Prueflos_Key_Object='Prueflos_Key_Object%201',Vornr='Vornr%201',Merknr='Merknr%201')/TOPLM"
		}
	},
	"TOBEWERT": {
		"__deferred": {
			"uri": "PruefMerkmaleSet(Prueflos='Prueflos%201',Prueflos_Key_Modus='Prueflos_Key_Modus%201',Prueflos_Key_Object='Prueflos_Key_Object%201',Vornr='Vornr%201',Merknr='Merknr%201')/TOBEWERT"
		}
	}
}, {
	"Method": "Method 1",
	"Prueflos": "Prueflos 2",
	"MethodTxt": "MethodTxt 1",
	"Prueflos_Key_Modus": "SX",
	"Prueflos_Key_Object": "Prueflos_Key_Object 1",
	"Vmethod": "Vmethod 1",
	"Pmethod": "Pmethod 1",
	"Vornr": "Vornr 1",
	"Merknr": "Merknr 1",
	"Status": "Status 1",
	"CharDescr": "CharDescr 1",
	"CharType": "CharType 1",
	"ConfirmNo": "ConfirmNo 1",
	"Obligatory": "Obligatory 1",
	"SingleRes": "SingleRes 1",
	"SampleRes": "SampleRes 1",
	"CharRes": "CharRes 1",
	"Samples": "Samples 1",
	"SamplesNo": "SamplesNo 1",
	"Scope": "Scope 1",
	"ScopeInd": "ScopeInd 1",
	"DocuRequ": "DocuRequ 1",
	"Serialrequ": "Serialrequ 1",
	"InspPoint": "InspPoint 1",
	"Grid": "Grid 1",
	"MstrChar": "MstrChar 1",
	"VmstrChar": "VmstrChar 1",
	"PmstrChar": "PmstrChar 1",
	"SmplQuant": "SmplQuant 1",
	"SmplUnit": "SmplUnit 1",
	"SmplUnitt": "SmplUnitt 1",
	"SmplUnitc": "SmplUnitc 1",
	"PhysSmpl": "PhysSmpl 1",
	"ChWgtCod": "ChWgtCod 1",
	"ChWgtFac": "ChWgtFac 1",
	"ChWgtTxt": "ChWgtTxt 1",
	"Infofield1": "Infofield1 1",
	"Infofield2": "Infofield2 1",
	"Infofield3": "Infofield3 1",
	"DecPlaces": "DecPlaces 1",
	"MeasUnit": "MeasUnit 1",
	"MeasUnitt": "MeasUnitt 1",
	"MeasUnitc": "MeasUnitc 1",
	"TargetVal": "TargetVal 1",
	"UpTolLmt": "UpTolLmt 1",
	"LwTolLmt": "LwTolLmt 1",
	"UpLmt1": "UpLmt1 1",
	"LwLmt1": "LwLmt1 1",
	"UpLmt2": "UpLmt2 1",
	"LwLmt2": "LwLmt2 1",
	"UpPlsLmt": "UpPlsLmt 1",
	"LwPlsLmt": "LwPlsLmt 1",
	"UpCtrl1": "UpCtrl1 1",
	"LwCtrl1": "LwCtrl1 1",
	"UpCtrl2": "UpCtrl2 1",
	"LwCtrl2": "LwCtrl2 1",
	"CcNo": "CcNo 1",
	"CcType": "CcType 1",
	"CcTypeT": "CcTypeT 1",
	"SelSet1": "SelSet1 1",
	"PselSet1": "PselSet1 1",
	"CatType1": "CatType1 1",
	"SelSet2": "SelSet2 1",
	"PselSet2": "PselSet2 1",
	"CatType2": "CatType2 1",
	"SelSet3": "SelSet3 1",
	"PselSet3": "PselSet3 1",
	"CatType3": "CatType3 1",
	"SelSet4": "SelSet4 1",
	"PselSet4": "PselSet4 1",
	"CatType4": "CatType4 1",
	"SelSet5": "SelSet5 1",
	"PselSet5": "PselSet5 1",
	"CatType5": "CatType5 1",
	"ValnType": "ValnType 1",
	"ART_MERKMAL": "N",
	"StandMK": "StandMK 1",
	"SOLLSTPUMF": "SOLLSTPUMF 1",
	"ANZWERTG": "ANZWERTG 1",
	"VORGABEN": "VORGABEN 1",
	"__metadata": {
		"uri": "PruefMerkmaleSet(Prueflos='Prueflos%201',Prueflos_Key_Modus='Prueflos_Key_Modus%201',Prueflos_Key_Object='Prueflos_Key_Object%201',Vornr='Vornr%201',Merknr='Merknr%201')",
		"type": "/WIND/QM_RESULTS_SRV.PruefMerkmale"
	},
	"TOVORG": {
		"__deferred": {
			"uri": "PruefMerkmaleSet(Prueflos='Prueflos%201',Prueflos_Key_Modus='Prueflos_Key_Modus%201',Prueflos_Key_Object='Prueflos_Key_Object%201',Vornr='Vornr%201',Merknr='Merknr%201')/TOVORG"
		}
	},
	"TORESU": {
		"__deferred": {
			"uri": "PruefMerkmaleSet(Prueflos='Prueflos%201',Prueflos_Key_Modus='Prueflos_Key_Modus%201',Prueflos_Key_Object='Prueflos_Key_Object%201',Vornr='Vornr%201',Merknr='Merknr%201')/TORESU"
		}
	},
	"TOPLM": {
		"__deferred": {
			"uri": "PruefMerkmaleSet(Prueflos='Prueflos%201',Prueflos_Key_Modus='Prueflos_Key_Modus%201',Prueflos_Key_Object='Prueflos_Key_Object%201',Vornr='Vornr%201',Merknr='Merknr%201')/TOPLM"
		}
	},
	"TOBEWERT": {
		"__deferred": {
			"uri": "PruefMerkmaleSet(Prueflos='Prueflos%201',Prueflos_Key_Modus='Prueflos_Key_Modus%201',Prueflos_Key_Object='Prueflos_Key_Object%201',Vornr='Vornr%201',Merknr='Merknr%201')/TOBEWERT"
		}
	}
}]